synthesized_audio_1,generated_audio_url,synthesized_audio_2,target_audio,text_id
https://github.com/Tony-Yeh/Voice-Cloning-Audio/raw/main/audios/synthesized_speech/2428_3729_6852_000068_000000.wav,https://github.com/Tony-Yeh/Voice-Cloning-Audio/raw/main/audios/synthesized_speech/demo_output_00.wav,https://github.com/Tony-Yeh/Voice-Cloning-Audio/raw/main/audios/librispeech-long/dev-clean/2428/83699/83699_0000.flac,3729_6852_000068_000000
https://github.com/Tony-Yeh/Voice-Cloning-Audio/raw/main/audios/synthesized_speech/1272_3729_6852_000048_000003.wav,https://github.com/Tony-Yeh/Voice-Cloning-Audio/raw/main/audios/synthesized_speech/demo_output_01.wav,https://github.com/Tony-Yeh/Voice-Cloning-Audio/raw/main/audios/librispeech-long/dev-clean/1272/128104/128104_0000.flac,3729_6852_000048_000003
https://github.com/Tony-Yeh/Voice-Cloning-Audio/raw/main/audios/synthesized_speech/5536_7021_79759_000004_000005.wav,https://github.com/Tony-Yeh/Voice-Cloning-Audio/raw/main/audios/synthesized_speech/demo_output_02.wav,https://github.com/Tony-Yeh/Voice-Cloning-Audio/raw/main/audios/librispeech-long/dev-clean/5536/43358/43358_0000.flac,7021_79759_000004_000005
https://github.com/Tony-Yeh/Voice-Cloning-Audio/raw/main/audios/synthesized_speech/6241_1089_134686_000001_000001.wav,https://github.com/Tony-Yeh/Voice-Cloning-Audio/raw/main/audios/synthesized_speech/demo_output_03.wav,https://github.com/Tony-Yeh/Voice-Cloning-Audio/raw/main/audios/librispeech-long/dev-clean/6241/61943/61943_0000.flac,1089_134686_000001_000001
https://github.com/Tony-Yeh/Voice-Cloning-Audio/raw/main/audios/synthesized_speech/1673_2830_3980_000016_000007.wav,https://github.com/Tony-Yeh/Voice-Cloning-Audio/raw/main/audios/synthesized_speech/demo_output_04.wav,https://github.com/Tony-Yeh/Voice-Cloning-Audio/raw/main/audios/librispeech-long/dev-clean/1673/143396/143396_0000.flac,2830_3980_000016_000007
https://github.com/Tony-Yeh/Voice-Cloning-Audio/raw/main/audios/synthesized_speech/1988_5639_40744_000016_000006.wav,https://github.com/Tony-Yeh/Voice-Cloning-Audio/raw/main/audios/synthesized_speech/demo_output_05.wav,https://github.com/Tony-Yeh/Voice-Cloning-Audio/raw/main/audios/librispeech-long/dev-clean/1988/147956/147956_0000.flac,5639_40744_000016_000006
https://github.com/Tony-Yeh/Voice-Cloning-Audio/raw/main/audios/synthesized_speech/3170_1995_1826_000016_000012.wav,https://github.com/Tony-Yeh/Voice-Cloning-Audio/raw/main/audios/synthesized_speech/demo_output_06.wav,https://github.com/Tony-Yeh/Voice-Cloning-Audio/raw/main/audios/librispeech-long/dev-clean/3170/137482/137482_0000.flac,1995_1826_000016_000012
https://github.com/Tony-Yeh/Voice-Cloning-Audio/raw/main/audios/synthesized_speech/2086_3997_180294_000028_000007.wav,https://github.com/Tony-Yeh/Voice-Cloning-Audio/raw/main/audios/synthesized_speech/demo_output_07.wav,https://github.com/Tony-Yeh/Voice-Cloning-Audio/raw/main/audios/librispeech-long/dev-clean/2086/149214/149214_0000.flac,3997_180294_000028_000007
https://github.com/Tony-Yeh/Voice-Cloning-Audio/raw/main/audios/synthesized_speech/3081_1188_133604_000055_000001.wav,https://github.com/Tony-Yeh/Voice-Cloning-Audio/raw/main/audios/synthesized_speech/demo_output_08.wav,https://github.com/Tony-Yeh/Voice-Cloning-Audio/raw/main/audios/librispeech-long/dev-clean/3081/166546/166546_0000.flac,1188_133604_000055_000001
https://github.com/Tony-Yeh/Voice-Cloning-Audio/raw/main/audios/synthesized_speech/7976_7975_280084_000017_000000.wav,https://github.com/Tony-Yeh/Voice-Cloning-Audio/raw/main/audios/synthesized_speech/demo_output_09.wav,https://github.com/Tony-Yeh/Voice-Cloning-Audio/raw/main/audios/librispeech-long/dev-clean/7976/105575/105575_0000.flac,7975_280084_000017_000000
https://github.com/Tony-Yeh/Voice-Cloning-Audio/raw/main/audios/synthesized_speech/3576_2033_164914_000014_000002.wav,https://github.com/Tony-Yeh/Voice-Cloning-Audio/raw/main/audios/synthesized_speech/demo_output_10.wav,https://github.com/Tony-Yeh/Voice-Cloning-Audio/raw/main/audios/librispeech-long/dev-clean/3576/138058/138058_0000.flac,2033_164914_000014_000002
https://github.com/Tony-Yeh/Voice-Cloning-Audio/raw/main/audios/synthesized_speech/652_8131_117016_000007_000002.wav,https://github.com/Tony-Yeh/Voice-Cloning-Audio/raw/main/audios/synthesized_speech/demo_output_11.wav,https://github.com/Tony-Yeh/Voice-Cloning-Audio/raw/main/audios/librispeech-long/dev-clean/652/129742/129742_0000.flac,8131_117016_000007_000002
https://github.com/Tony-Yeh/Voice-Cloning-Audio/raw/main/audios/synthesized_speech/3576_8131_117016_000007_000000.wav,https://github.com/Tony-Yeh/Voice-Cloning-Audio/raw/main/audios/synthesized_speech/demo_output_12.wav,https://github.com/Tony-Yeh/Voice-Cloning-Audio/raw/main/audios/librispeech-long/dev-clean/3576/138058/138058_0000.flac,8131_117016_000007_000000
https://github.com/Tony-Yeh/Voice-Cloning-Audio/raw/main/audios/synthesized_speech/3853_1998_29455_000015_000000.wav,https://github.com/Tony-Yeh/Voice-Cloning-Audio/raw/main/audios/synthesized_speech/demo_output_13.wav,https://github.com/Tony-Yeh/Voice-Cloning-Audio/raw/main/audios/librispeech-long/dev-clean/3853/163249/163249_0000.flac,1998_29455_000015_000000
https://github.com/Tony-Yeh/Voice-Cloning-Audio/raw/main/audios/synthesized_speech/2035_1995_1837_000013_000002.wav,https://github.com/Tony-Yeh/Voice-Cloning-Audio/raw/main/audios/synthesized_speech/demo_output_14.wav,https://github.com/Tony-Yeh/Voice-Cloning-Audio/raw/main/audios/librispeech-long/dev-clean/2035/147960/147960_0000.flac,1995_1837_000013_000002
https://github.com/Tony-Yeh/Voice-Cloning-Audio/raw/main/audios/synthesized_speech/2086_3575_170457_000012_000007.wav,https://github.com/Tony-Yeh/Voice-Cloning-Audio/raw/main/audios/synthesized_speech/demo_output_15.wav,https://github.com/Tony-Yeh/Voice-Cloning-Audio/raw/main/audios/librispeech-long/dev-clean/2086/149214/149214_0000.flac,3575_170457_000012_000007
https://github.com/Tony-Yeh/Voice-Cloning-Audio/raw/main/audios/synthesized_speech/84_3575_170457_000033_000000.wav,https://github.com/Tony-Yeh/Voice-Cloning-Audio/raw/main/audios/synthesized_speech/demo_output_16.wav,https://github.com/Tony-Yeh/Voice-Cloning-Audio/raw/main/audios/librispeech-long/dev-clean/84/121123/121123_0000.flac,3575_170457_000033_000000
https://github.com/Tony-Yeh/Voice-Cloning-Audio/raw/main/audios/synthesized_speech/174_4852_28312_000015_000002.wav,https://github.com/Tony-Yeh/Voice-Cloning-Audio/raw/main/audios/synthesized_speech/demo_output_17.wav,https://github.com/Tony-Yeh/Voice-Cloning-Audio/raw/main/audios/librispeech-long/dev-clean/174/168635/168635_0000.flac,4852_28312_000015_000002
https://github.com/Tony-Yeh/Voice-Cloning-Audio/raw/main/audios/synthesized_speech/7850_2961_961_000020_000000.wav,https://github.com/Tony-Yeh/Voice-Cloning-Audio/raw/main/audios/synthesized_speech/demo_output_18.wav,https://github.com/Tony-Yeh/Voice-Cloning-Audio/raw/main/audios/librispeech-long/dev-clean/7850/111771/111771_0000.flac,2961_961_000020_000000
https://github.com/Tony-Yeh/Voice-Cloning-Audio/raw/main/audios/synthesized_speech/3081_7018_75789_000001_000003.wav,https://github.com/Tony-Yeh/Voice-Cloning-Audio/raw/main/audios/synthesized_speech/demo_output_19.wav,https://github.com/Tony-Yeh/Voice-Cloning-Audio/raw/main/audios/librispeech-long/dev-clean/3081/166546/166546_0000.flac,7018_75789_000001_000003
https://github.com/Tony-Yeh/Voice-Cloning-Audio/raw/main/audios/synthesized_speech/1919_2414_128292_000010_000001.wav,https://github.com/Tony-Yeh/Voice-Cloning-Audio/raw/main/audios/synthesized_speech/demo_output_20.wav,https://github.com/Tony-Yeh/Voice-Cloning-Audio/raw/main/audios/librispeech-long/dev-clean/1919/142785/142785_0000.flac,2414_128292_000010_000001
https://github.com/Tony-Yeh/Voice-Cloning-Audio/raw/main/audios/synthesized_speech/6241_2609_169640_000006_000005.wav,https://github.com/Tony-Yeh/Voice-Cloning-Audio/raw/main/audios/synthesized_speech/demo_output_21.wav,https://github.com/Tony-Yeh/Voice-Cloning-Audio/raw/main/audios/librispeech-long/dev-clean/6241/61943/61943_0000.flac,2609_169640_000006_000005
https://github.com/Tony-Yeh/Voice-Cloning-Audio/raw/main/audios/synthesized_speech/2428_7729_102255_000002_000008.wav,https://github.com/Tony-Yeh/Voice-Cloning-Audio/raw/main/audios/synthesized_speech/demo_output_22.wav,https://github.com/Tony-Yeh/Voice-Cloning-Audio/raw/main/audios/librispeech-long/dev-clean/2428/83699/83699_0000.flac,7729_102255_000002_000008
https://github.com/Tony-Yeh/Voice-Cloning-Audio/raw/main/audios/synthesized_speech/7850_2961_961_000009_000002.wav,https://github.com/Tony-Yeh/Voice-Cloning-Audio/raw/main/audios/synthesized_speech/demo_output_23.wav,https://github.com/Tony-Yeh/Voice-Cloning-Audio/raw/main/audios/librispeech-long/dev-clean/7850/111771/111771_0000.flac,2961_961_000009_000002
https://github.com/Tony-Yeh/Voice-Cloning-Audio/raw/main/audios/synthesized_speech/1993_1089_134691_000025_000002.wav,https://github.com/Tony-Yeh/Voice-Cloning-Audio/raw/main/audios/synthesized_speech/demo_output_24.wav,https://github.com/Tony-Yeh/Voice-Cloning-Audio/raw/main/audios/librispeech-long/dev-clean/1993/147149/147149_0000.flac,1089_134691_000025_000002
https://github.com/Tony-Yeh/Voice-Cloning-Audio/raw/main/audios/synthesized_speech/777_4507_16021_000033_000001.wav,https://github.com/Tony-Yeh/Voice-Cloning-Audio/raw/main/audios/synthesized_speech/demo_output_25.wav,https://github.com/Tony-Yeh/Voice-Cloning-Audio/raw/main/audios/librispeech-long/dev-clean/777/126732/126732_0000.flac,4507_16021_000033_000001
https://github.com/Tony-Yeh/Voice-Cloning-Audio/raw/main/audios/synthesized_speech/1272_4992_23283_000047_000001.wav,https://github.com/Tony-Yeh/Voice-Cloning-Audio/raw/main/audios/synthesized_speech/demo_output_26.wav,https://github.com/Tony-Yeh/Voice-Cloning-Audio/raw/main/audios/librispeech-long/dev-clean/1272/128104/128104_0000.flac,4992_23283_000047_000001
https://github.com/Tony-Yeh/Voice-Cloning-Audio/raw/main/audios/synthesized_speech/2412_4852_28319_000010_000002.wav,https://github.com/Tony-Yeh/Voice-Cloning-Audio/raw/main/audios/synthesized_speech/demo_output_27.wav,https://github.com/Tony-Yeh/Voice-Cloning-Audio/raw/main/audios/librispeech-long/dev-clean/2412/153947/153947_0000.flac,4852_28319_000010_000002
https://github.com/Tony-Yeh/Voice-Cloning-Audio/raw/main/audios/synthesized_speech/3170_908_31957_000023_000002.wav,https://github.com/Tony-Yeh/Voice-Cloning-Audio/raw/main/audios/synthesized_speech/demo_output_28.wav,https://github.com/Tony-Yeh/Voice-Cloning-Audio/raw/main/audios/librispeech-long/dev-clean/3170/137482/137482_0000.flac,908_31957_000023_000002
https://github.com/Tony-Yeh/Voice-Cloning-Audio/raw/main/audios/synthesized_speech/2803_6930_75918_000050_000000.wav,https://github.com/Tony-Yeh/Voice-Cloning-Audio/raw/main/audios/synthesized_speech/demo_output_29.wav,https://github.com/Tony-Yeh/Voice-Cloning-Audio/raw/main/audios/librispeech-long/dev-clean/2803/154320/154320_0000.flac,6930_75918_000050_000000
https://github.com/Tony-Yeh/Voice-Cloning-Audio/raw/main/audios/synthesized_speech/251_5683_32865_000037_000000.wav,https://github.com/Tony-Yeh/Voice-Cloning-Audio/raw/main/audios/synthesized_speech/demo_output_30.wav,https://github.com/Tony-Yeh/Voice-Cloning-Audio/raw/main/audios/librispeech-long/dev-clean/251/118436/118436_0000.flac,5683_32865_000037_000000
https://github.com/Tony-Yeh/Voice-Cloning-Audio/raw/main/audios/synthesized_speech/777_6128_63240_000000_000000.wav,https://github.com/Tony-Yeh/Voice-Cloning-Audio/raw/main/audios/synthesized_speech/demo_output_31.wav,https://github.com/Tony-Yeh/Voice-Cloning-Audio/raw/main/audios/librispeech-long/dev-clean/777/126732/126732_0000.flac,6128_63240_000000_000000
https://github.com/Tony-Yeh/Voice-Cloning-Audio/raw/main/audios/synthesized_speech/3853_3997_180297_000004_000000.wav,https://github.com/Tony-Yeh/Voice-Cloning-Audio/raw/main/audios/synthesized_speech/demo_output_32.wav,https://github.com/Tony-Yeh/Voice-Cloning-Audio/raw/main/audios/librispeech-long/dev-clean/3853/163249/163249_0000.flac,3997_180297_000004_000000
https://github.com/Tony-Yeh/Voice-Cloning-Audio/raw/main/audios/synthesized_speech/1673_367_130732_000005_000004.wav,https://github.com/Tony-Yeh/Voice-Cloning-Audio/raw/main/audios/synthesized_speech/demo_output_33.wav,https://github.com/Tony-Yeh/Voice-Cloning-Audio/raw/main/audios/librispeech-long/dev-clean/1673/143396/143396_0000.flac,367_130732_000005_000004
https://github.com/Tony-Yeh/Voice-Cloning-Audio/raw/main/audios/synthesized_speech/777_4852_28319_000025_000000.wav,https://github.com/Tony-Yeh/Voice-Cloning-Audio/raw/main/audios/synthesized_speech/demo_output_34.wav,https://github.com/Tony-Yeh/Voice-Cloning-Audio/raw/main/audios/librispeech-long/dev-clean/777/126732/126732_0000.flac,4852_28319_000025_000000
https://github.com/Tony-Yeh/Voice-Cloning-Audio/raw/main/audios/synthesized_speech/3081_4350_10919_000003_000010.wav,https://github.com/Tony-Yeh/Voice-Cloning-Audio/raw/main/audios/synthesized_speech/demo_output_35.wav,https://github.com/Tony-Yeh/Voice-Cloning-Audio/raw/main/audios/librispeech-long/dev-clean/3081/166546/166546_0000.flac,4350_10919_000003_000010
https://github.com/Tony-Yeh/Voice-Cloning-Audio/raw/main/audios/synthesized_speech/3081_121_121726_000025_000001.wav,https://github.com/Tony-Yeh/Voice-Cloning-Audio/raw/main/audios/synthesized_speech/demo_output_36.wav,https://github.com/Tony-Yeh/Voice-Cloning-Audio/raw/main/audios/librispeech-long/dev-clean/3081/166546/166546_0000.flac,121_121726_000025_000001
https://github.com/Tony-Yeh/Voice-Cloning-Audio/raw/main/audios/synthesized_speech/5338_7176_88083_000018_000002.wav,https://github.com/Tony-Yeh/Voice-Cloning-Audio/raw/main/audios/synthesized_speech/demo_output_37.wav,https://github.com/Tony-Yeh/Voice-Cloning-Audio/raw/main/audios/librispeech-long/dev-clean/5338/24615/24615_0000.flac,7176_88083_000018_000002
https://github.com/Tony-Yeh/Voice-Cloning-Audio/raw/main/audios/synthesized_speech/1673_8280_266249_000041_000000.wav,https://github.com/Tony-Yeh/Voice-Cloning-Audio/raw/main/audios/synthesized_speech/demo_output_38.wav,https://github.com/Tony-Yeh/Voice-Cloning-Audio/raw/main/audios/librispeech-long/dev-clean/1673/143396/143396_0000.flac,8280_266249_000041_000000
https://github.com/Tony-Yeh/Voice-Cloning-Audio/raw/main/audios/synthesized_speech/777_5442_41168_000002_000000.wav,https://github.com/Tony-Yeh/Voice-Cloning-Audio/raw/main/audios/synthesized_speech/demo_output_39.wav,https://github.com/Tony-Yeh/Voice-Cloning-Audio/raw/main/audios/librispeech-long/dev-clean/777/126732/126732_0000.flac,5442_41168_000002_000000
https://github.com/Tony-Yeh/Voice-Cloning-Audio/raw/main/audios/synthesized_speech/84_4350_9170_000068_000001.wav,https://github.com/Tony-Yeh/Voice-Cloning-Audio/raw/main/audios/synthesized_speech/demo_output_40.wav,https://github.com/Tony-Yeh/Voice-Cloning-Audio/raw/main/audios/librispeech-long/dev-clean/84/121123/121123_0000.flac,4350_9170_000068_000001
https://github.com/Tony-Yeh/Voice-Cloning-Audio/raw/main/audios/synthesized_speech/5694_8224_274384_000016_000000.wav,https://github.com/Tony-Yeh/Voice-Cloning-Audio/raw/main/audios/synthesized_speech/demo_output_41.wav,https://github.com/Tony-Yeh/Voice-Cloning-Audio/raw/main/audios/librispeech-long/dev-clean/5694/64025/64025_0000.flac,8224_274384_000016_000000
https://github.com/Tony-Yeh/Voice-Cloning-Audio/raw/main/audios/synthesized_speech/2902_8555_284447_000018_000002.wav,https://github.com/Tony-Yeh/Voice-Cloning-Audio/raw/main/audios/synthesized_speech/demo_output_42.wav,https://github.com/Tony-Yeh/Voice-Cloning-Audio/raw/main/audios/librispeech-long/dev-clean/2902/9006/9006_0000.flac,8555_284447_000018_000002
https://github.com/Tony-Yeh/Voice-Cloning-Audio/raw/main/audios/synthesized_speech/6313_8131_117016_000044_000000.wav,https://github.com/Tony-Yeh/Voice-Cloning-Audio/raw/main/audios/synthesized_speech/demo_output_43.wav,https://github.com/Tony-Yeh/Voice-Cloning-Audio/raw/main/audios/librispeech-long/dev-clean/6313/66125/66125_0000.flac,8131_117016_000044_000000
https://github.com/Tony-Yeh/Voice-Cloning-Audio/raw/main/audios/synthesized_speech/6345_3080_5032_000009_000003.wav,https://github.com/Tony-Yeh/Voice-Cloning-Audio/raw/main/audios/synthesized_speech/demo_output_44.wav,https://github.com/Tony-Yeh/Voice-Cloning-Audio/raw/main/audios/librispeech-long/dev-clean/6345/64257/64257_0000.flac,3080_5032_000009_000003
https://github.com/Tony-Yeh/Voice-Cloning-Audio/raw/main/audios/synthesized_speech/3536_6829_68769_000063_000001.wav,https://github.com/Tony-Yeh/Voice-Cloning-Audio/raw/main/audios/synthesized_speech/demo_output_45.wav,https://github.com/Tony-Yeh/Voice-Cloning-Audio/raw/main/audios/librispeech-long/dev-clean/3536/23268/23268_0000.flac,6829_68769_000063_000001
https://github.com/Tony-Yeh/Voice-Cloning-Audio/raw/main/audios/synthesized_speech/2412_908_157963_000004_000000.wav,https://github.com/Tony-Yeh/Voice-Cloning-Audio/raw/main/audios/synthesized_speech/demo_output_46.wav,https://github.com/Tony-Yeh/Voice-Cloning-Audio/raw/main/audios/librispeech-long/dev-clean/2412/153947/153947_0000.flac,908_157963_000004_000000
https://github.com/Tony-Yeh/Voice-Cloning-Audio/raw/main/audios/synthesized_speech/3752_4852_28330_000028_000002.wav,https://github.com/Tony-Yeh/Voice-Cloning-Audio/raw/main/audios/synthesized_speech/demo_output_47.wav,https://github.com/Tony-Yeh/Voice-Cloning-Audio/raw/main/audios/librispeech-long/dev-clean/3752/4943/4943_0000.flac,4852_28330_000028_000002
https://github.com/Tony-Yeh/Voice-Cloning-Audio/raw/main/audios/synthesized_speech/6319_4992_41797_000020_000001.wav,https://github.com/Tony-Yeh/Voice-Cloning-Audio/raw/main/audios/synthesized_speech/demo_output_48.wav,https://github.com/Tony-Yeh/Voice-Cloning-Audio/raw/main/audios/librispeech-long/dev-clean/6319/275224/275224_0000.flac,4992_41797_000020_000001
https://github.com/Tony-Yeh/Voice-Cloning-Audio/raw/main/audios/synthesized_speech/3081_4350_9170_000015_000001.wav,https://github.com/Tony-Yeh/Voice-Cloning-Audio/raw/main/audios/synthesized_speech/demo_output_49.wav,https://github.com/Tony-Yeh/Voice-Cloning-Audio/raw/main/audios/librispeech-long/dev-clean/3081/166546/166546_0000.flac,4350_9170_000015_000001
https://github.com/Tony-Yeh/Voice-Cloning-Audio/raw/main/audios/synthesized_speech/3081_2033_164916_000005_000019.wav,https://github.com/Tony-Yeh/Voice-Cloning-Audio/raw/main/audios/synthesized_speech/demo_output_50.wav,https://github.com/Tony-Yeh/Voice-Cloning-Audio/raw/main/audios/librispeech-long/dev-clean/3081/166546/166546_0000.flac,2033_164916_000005_000019
https://github.com/Tony-Yeh/Voice-Cloning-Audio/raw/main/audios/synthesized_speech/1462_4198_61336_000000_000002.wav,https://github.com/Tony-Yeh/Voice-Cloning-Audio/raw/main/audios/synthesized_speech/demo_output_51.wav,https://github.com/Tony-Yeh/Voice-Cloning-Audio/raw/main/audios/librispeech-long/dev-clean/1462/170138/170138_0000.flac,4198_61336_000000_000002
https://github.com/Tony-Yeh/Voice-Cloning-Audio/raw/main/audios/synthesized_speech/84_7975_280057_000021_000002.wav,https://github.com/Tony-Yeh/Voice-Cloning-Audio/raw/main/audios/synthesized_speech/demo_output_52.wav,https://github.com/Tony-Yeh/Voice-Cloning-Audio/raw/main/audios/librispeech-long/dev-clean/84/121123/121123_0000.flac,7975_280057_000021_000002
https://github.com/Tony-Yeh/Voice-Cloning-Audio/raw/main/audios/synthesized_speech/8297_1188_133604_000028_000003.wav,https://github.com/Tony-Yeh/Voice-Cloning-Audio/raw/main/audios/synthesized_speech/demo_output_53.wav,https://github.com/Tony-Yeh/Voice-Cloning-Audio/raw/main/audios/librispeech-long/dev-clean/8297/275154/275154_0000.flac,1188_133604_000028_000003
https://github.com/Tony-Yeh/Voice-Cloning-Audio/raw/main/audios/synthesized_speech/2078_7127_75946_000040_000000.wav,https://github.com/Tony-Yeh/Voice-Cloning-Audio/raw/main/audios/synthesized_speech/demo_output_54.wav,https://github.com/Tony-Yeh/Voice-Cloning-Audio/raw/main/audios/librispeech-long/dev-clean/2078/142845/142845_0000.flac,7127_75946_000040_000000
https://github.com/Tony-Yeh/Voice-Cloning-Audio/raw/main/audios/synthesized_speech/2902_4970_29095_000055_000002.wav,https://github.com/Tony-Yeh/Voice-Cloning-Audio/raw/main/audios/synthesized_speech/demo_output_55.wav,https://github.com/Tony-Yeh/Voice-Cloning-Audio/raw/main/audios/librispeech-long/dev-clean/2902/9006/9006_0000.flac,4970_29095_000055_000002
https://github.com/Tony-Yeh/Voice-Cloning-Audio/raw/main/audios/synthesized_speech/1919_8280_266249_000115_000000.wav,https://github.com/Tony-Yeh/Voice-Cloning-Audio/raw/main/audios/synthesized_speech/demo_output_56.wav,https://github.com/Tony-Yeh/Voice-Cloning-Audio/raw/main/audios/librispeech-long/dev-clean/1919/142785/142785_0000.flac,8280_266249_000115_000000
https://github.com/Tony-Yeh/Voice-Cloning-Audio/raw/main/audios/synthesized_speech/3000_3528_168669_000053_000000.wav,https://github.com/Tony-Yeh/Voice-Cloning-Audio/raw/main/audios/synthesized_speech/demo_output_57.wav,https://github.com/Tony-Yeh/Voice-Cloning-Audio/raw/main/audios/librispeech-long/dev-clean/3000/15664/15664_0000.flac,3528_168669_000053_000000
https://github.com/Tony-Yeh/Voice-Cloning-Audio/raw/main/audios/synthesized_speech/2902_2033_164914_000010_000004.wav,https://github.com/Tony-Yeh/Voice-Cloning-Audio/raw/main/audios/synthesized_speech/demo_output_58.wav,https://github.com/Tony-Yeh/Voice-Cloning-Audio/raw/main/audios/librispeech-long/dev-clean/2902/9006/9006_0000.flac,2033_164914_000010_000004
https://github.com/Tony-Yeh/Voice-Cloning-Audio/raw/main/audios/synthesized_speech/6241_8188_269288_000014_000000.wav,https://github.com/Tony-Yeh/Voice-Cloning-Audio/raw/main/audios/synthesized_speech/demo_output_59.wav,https://github.com/Tony-Yeh/Voice-Cloning-Audio/raw/main/audios/librispeech-long/dev-clean/6241/61943/61943_0000.flac,8188_269288_000014_000000
https://github.com/Tony-Yeh/Voice-Cloning-Audio/raw/main/audios/synthesized_speech/251_7902_96592_000077_000000.wav,https://github.com/Tony-Yeh/Voice-Cloning-Audio/raw/main/audios/synthesized_speech/demo_output_60.wav,https://github.com/Tony-Yeh/Voice-Cloning-Audio/raw/main/audios/librispeech-long/dev-clean/251/118436/118436_0000.flac,7902_96592_000077_000000
https://github.com/Tony-Yeh/Voice-Cloning-Audio/raw/main/audios/synthesized_speech/6295_1995_1837_000012_000002.wav,https://github.com/Tony-Yeh/Voice-Cloning-Audio/raw/main/audios/synthesized_speech/demo_output_61.wav,https://github.com/Tony-Yeh/Voice-Cloning-Audio/raw/main/audios/librispeech-long/dev-clean/6295/244435/244435_0000.flac,1995_1837_000012_000002
https://github.com/Tony-Yeh/Voice-Cloning-Audio/raw/main/audios/synthesized_speech/777_7127_75946_000033_000000.wav,https://github.com/Tony-Yeh/Voice-Cloning-Audio/raw/main/audios/synthesized_speech/demo_output_62.wav,https://github.com/Tony-Yeh/Voice-Cloning-Audio/raw/main/audios/librispeech-long/dev-clean/777/126732/126732_0000.flac,7127_75946_000033_000000
https://github.com/Tony-Yeh/Voice-Cloning-Audio/raw/main/audios/synthesized_speech/2412_2961_961_000025_000006.wav,https://github.com/Tony-Yeh/Voice-Cloning-Audio/raw/main/audios/synthesized_speech/demo_output_63.wav,https://github.com/Tony-Yeh/Voice-Cloning-Audio/raw/main/audios/librispeech-long/dev-clean/2412/153947/153947_0000.flac,2961_961_000025_000006
https://github.com/Tony-Yeh/Voice-Cloning-Audio/raw/main/audios/synthesized_speech/5338_7902_96592_000077_000000.wav,https://github.com/Tony-Yeh/Voice-Cloning-Audio/raw/main/audios/synthesized_speech/demo_output_64.wav,https://github.com/Tony-Yeh/Voice-Cloning-Audio/raw/main/audios/librispeech-long/dev-clean/5338/24615/24615_0000.flac,7902_96592_000077_000000
https://github.com/Tony-Yeh/Voice-Cloning-Audio/raw/main/audios/synthesized_speech/6313_2414_128292_000027_000000.wav,https://github.com/Tony-Yeh/Voice-Cloning-Audio/raw/main/audios/synthesized_speech/demo_output_65.wav,https://github.com/Tony-Yeh/Voice-Cloning-Audio/raw/main/audios/librispeech-long/dev-clean/6313/66125/66125_0000.flac,2414_128292_000027_000000
https://github.com/Tony-Yeh/Voice-Cloning-Audio/raw/main/audios/synthesized_speech/3170_3005_163399_000026_000000.wav,https://github.com/Tony-Yeh/Voice-Cloning-Audio/raw/main/audios/synthesized_speech/demo_output_66.wav,https://github.com/Tony-Yeh/Voice-Cloning-Audio/raw/main/audios/librispeech-long/dev-clean/3170/137482/137482_0000.flac,3005_163399_000026_000000
https://github.com/Tony-Yeh/Voice-Cloning-Audio/raw/main/audios/synthesized_speech/2412_1320_122612_000014_000000.wav,https://github.com/Tony-Yeh/Voice-Cloning-Audio/raw/main/audios/synthesized_speech/demo_output_67.wav,https://github.com/Tony-Yeh/Voice-Cloning-Audio/raw/main/audios/librispeech-long/dev-clean/2412/153947/153947_0000.flac,1320_122612_000014_000000
https://github.com/Tony-Yeh/Voice-Cloning-Audio/raw/main/audios/synthesized_speech/2035_3575_170457_000016_000008.wav,https://github.com/Tony-Yeh/Voice-Cloning-Audio/raw/main/audios/synthesized_speech/demo_output_68.wav,https://github.com/Tony-Yeh/Voice-Cloning-Audio/raw/main/audios/librispeech-long/dev-clean/2035/147960/147960_0000.flac,3575_170457_000016_000008
https://github.com/Tony-Yeh/Voice-Cloning-Audio/raw/main/audios/synthesized_speech/3752_8463_294825_000026_000001.wav,https://github.com/Tony-Yeh/Voice-Cloning-Audio/raw/main/audios/synthesized_speech/demo_output_69.wav,https://github.com/Tony-Yeh/Voice-Cloning-Audio/raw/main/audios/librispeech-long/dev-clean/3752/4943/4943_0000.flac,8463_294825_000026_000001
https://github.com/Tony-Yeh/Voice-Cloning-Audio/raw/main/audios/synthesized_speech/422_8131_117029_000014_000002.wav,https://github.com/Tony-Yeh/Voice-Cloning-Audio/raw/main/audios/synthesized_speech/demo_output_70.wav,https://github.com/Tony-Yeh/Voice-Cloning-Audio/raw/main/audios/librispeech-long/dev-clean/422/122949/122949_0000.flac,8131_117029_000014_000002
https://github.com/Tony-Yeh/Voice-Cloning-Audio/raw/main/audios/synthesized_speech/1673_5484_24318_000054_000001.wav,https://github.com/Tony-Yeh/Voice-Cloning-Audio/raw/main/audios/synthesized_speech/demo_output_71.wav,https://github.com/Tony-Yeh/Voice-Cloning-Audio/raw/main/audios/librispeech-long/dev-clean/1673/143396/143396_0000.flac,5484_24318_000054_000001
https://github.com/Tony-Yeh/Voice-Cloning-Audio/raw/main/audios/synthesized_speech/1272_4507_16021_000039_000003.wav,https://github.com/Tony-Yeh/Voice-Cloning-Audio/raw/main/audios/synthesized_speech/demo_output_72.wav,https://github.com/Tony-Yeh/Voice-Cloning-Audio/raw/main/audios/librispeech-long/dev-clean/1272/128104/128104_0000.flac,4507_16021_000039_000003
https://github.com/Tony-Yeh/Voice-Cloning-Audio/raw/main/audios/synthesized_speech/6319_3575_170457_000025_000001.wav,https://github.com/Tony-Yeh/Voice-Cloning-Audio/raw/main/audios/synthesized_speech/demo_output_73.wav,https://github.com/Tony-Yeh/Voice-Cloning-Audio/raw/main/audios/librispeech-long/dev-clean/6319/275224/275224_0000.flac,3575_170457_000025_000001
https://github.com/Tony-Yeh/Voice-Cloning-Audio/raw/main/audios/synthesized_speech/2078_1320_122612_000033_000001.wav,https://github.com/Tony-Yeh/Voice-Cloning-Audio/raw/main/audios/synthesized_speech/demo_output_74.wav,https://github.com/Tony-Yeh/Voice-Cloning-Audio/raw/main/audios/librispeech-long/dev-clean/2078/142845/142845_0000.flac,1320_122612_000033_000001
https://github.com/Tony-Yeh/Voice-Cloning-Audio/raw/main/audios/synthesized_speech/2277_3528_168669_000030_000000.wav,https://github.com/Tony-Yeh/Voice-Cloning-Audio/raw/main/audios/synthesized_speech/demo_output_75.wav,https://github.com/Tony-Yeh/Voice-Cloning-Audio/raw/main/audios/librispeech-long/dev-clean/2277/149874/149874_0000.flac,3528_168669_000030_000000
https://github.com/Tony-Yeh/Voice-Cloning-Audio/raw/main/audios/synthesized_speech/1462_4294_35475_000050_000000.wav,https://github.com/Tony-Yeh/Voice-Cloning-Audio/raw/main/audios/synthesized_speech/demo_output_76.wav,https://github.com/Tony-Yeh/Voice-Cloning-Audio/raw/main/audios/librispeech-long/dev-clean/1462/170138/170138_0000.flac,4294_35475_000050_000000
https://github.com/Tony-Yeh/Voice-Cloning-Audio/raw/main/audios/synthesized_speech/1673_367_293981_000014_000000.wav,https://github.com/Tony-Yeh/Voice-Cloning-Audio/raw/main/audios/synthesized_speech/demo_output_77.wav,https://github.com/Tony-Yeh/Voice-Cloning-Audio/raw/main/audios/librispeech-long/dev-clean/1673/143396/143396_0000.flac,367_293981_000014_000000
https://github.com/Tony-Yeh/Voice-Cloning-Audio/raw/main/audios/synthesized_speech/3170_4992_41797_000016_000000.wav,https://github.com/Tony-Yeh/Voice-Cloning-Audio/raw/main/audios/synthesized_speech/demo_output_78.wav,https://github.com/Tony-Yeh/Voice-Cloning-Audio/raw/main/audios/librispeech-long/dev-clean/3170/137482/137482_0000.flac,4992_41797_000016_000000
https://github.com/Tony-Yeh/Voice-Cloning-Audio/raw/main/audios/synthesized_speech/251_7105_2340_000008_000003.wav,https://github.com/Tony-Yeh/Voice-Cloning-Audio/raw/main/audios/synthesized_speech/demo_output_79.wav,https://github.com/Tony-Yeh/Voice-Cloning-Audio/raw/main/audios/librispeech-long/dev-clean/251/118436/118436_0000.flac,7105_2340_000008_000003
https://github.com/Tony-Yeh/Voice-Cloning-Audio/raw/main/audios/synthesized_speech/3536_4350_10919_000026_000005.wav,https://github.com/Tony-Yeh/Voice-Cloning-Audio/raw/main/audios/synthesized_speech/demo_output_80.wav,https://github.com/Tony-Yeh/Voice-Cloning-Audio/raw/main/audios/librispeech-long/dev-clean/3536/23268/23268_0000.flac,4350_10919_000026_000005
https://github.com/Tony-Yeh/Voice-Cloning-Audio/raw/main/audios/synthesized_speech/3576_4446_2271_000016_000000.wav,https://github.com/Tony-Yeh/Voice-Cloning-Audio/raw/main/audios/synthesized_speech/demo_output_81.wav,https://github.com/Tony-Yeh/Voice-Cloning-Audio/raw/main/audios/librispeech-long/dev-clean/3576/138058/138058_0000.flac,4446_2271_000016_000000
https://github.com/Tony-Yeh/Voice-Cloning-Audio/raw/main/audios/synthesized_speech/5536_5683_32879_000022_000000.wav,https://github.com/Tony-Yeh/Voice-Cloning-Audio/raw/main/audios/synthesized_speech/demo_output_82.wav,https://github.com/Tony-Yeh/Voice-Cloning-Audio/raw/main/audios/librispeech-long/dev-clean/5536/43358/43358_0000.flac,5683_32879_000022_000000
https://github.com/Tony-Yeh/Voice-Cloning-Audio/raw/main/audios/synthesized_speech/1462_5484_24317_000006_000000.wav,https://github.com/Tony-Yeh/Voice-Cloning-Audio/raw/main/audios/synthesized_speech/demo_output_83.wav,https://github.com/Tony-Yeh/Voice-Cloning-Audio/raw/main/audios/librispeech-long/dev-clean/1462/170138/170138_0000.flac,5484_24317_000006_000000
https://github.com/Tony-Yeh/Voice-Cloning-Audio/raw/main/audios/synthesized_speech/6313_3331_159609_000073_000000.wav,https://github.com/Tony-Yeh/Voice-Cloning-Audio/raw/main/audios/synthesized_speech/demo_output_84.wav,https://github.com/Tony-Yeh/Voice-Cloning-Audio/raw/main/audios/librispeech-long/dev-clean/6313/66125/66125_0000.flac,3331_159609_000073_000000
https://github.com/Tony-Yeh/Voice-Cloning-Audio/raw/main/audios/synthesized_speech/1462_3005_163390_000009_000001.wav,https://github.com/Tony-Yeh/Voice-Cloning-Audio/raw/main/audios/synthesized_speech/demo_output_85.wav,https://github.com/Tony-Yeh/Voice-Cloning-Audio/raw/main/audios/librispeech-long/dev-clean/1462/170138/170138_0000.flac,3005_163390_000009_000001
https://github.com/Tony-Yeh/Voice-Cloning-Audio/raw/main/audios/synthesized_speech/3081_3997_180297_000031_000000.wav,https://github.com/Tony-Yeh/Voice-Cloning-Audio/raw/main/audios/synthesized_speech/demo_output_86.wav,https://github.com/Tony-Yeh/Voice-Cloning-Audio/raw/main/audios/librispeech-long/dev-clean/3081/166546/166546_0000.flac,3997_180297_000031_000000
https://github.com/Tony-Yeh/Voice-Cloning-Audio/raw/main/audios/synthesized_speech/2078_4077_13751_000019_000007.wav,https://github.com/Tony-Yeh/Voice-Cloning-Audio/raw/main/audios/synthesized_speech/demo_output_87.wav,https://github.com/Tony-Yeh/Voice-Cloning-Audio/raw/main/audios/librispeech-long/dev-clean/2078/142845/142845_0000.flac,4077_13751_000019_000007
https://github.com/Tony-Yeh/Voice-Cloning-Audio/raw/main/audios/synthesized_speech/3081_4294_35475_000036_000000.wav,https://github.com/Tony-Yeh/Voice-Cloning-Audio/raw/main/audios/synthesized_speech/demo_output_88.wav,https://github.com/Tony-Yeh/Voice-Cloning-Audio/raw/main/audios/librispeech-long/dev-clean/3081/166546/166546_0000.flac,4294_35475_000036_000000
https://github.com/Tony-Yeh/Voice-Cloning-Audio/raw/main/audios/synthesized_speech/8297_6930_76324_000025_000001.wav,https://github.com/Tony-Yeh/Voice-Cloning-Audio/raw/main/audios/synthesized_speech/demo_output_89.wav,https://github.com/Tony-Yeh/Voice-Cloning-Audio/raw/main/audios/librispeech-long/dev-clean/8297/275154/275154_0000.flac,6930_76324_000025_000001
https://github.com/Tony-Yeh/Voice-Cloning-Audio/raw/main/audios/synthesized_speech/84_6128_63240_000023_000001.wav,https://github.com/Tony-Yeh/Voice-Cloning-Audio/raw/main/audios/synthesized_speech/demo_output_90.wav,https://github.com/Tony-Yeh/Voice-Cloning-Audio/raw/main/audios/librispeech-long/dev-clean/84/121123/121123_0000.flac,6128_63240_000023_000001
https://github.com/Tony-Yeh/Voice-Cloning-Audio/raw/main/audios/synthesized_speech/1993_6938_70848_000006_000001.wav,https://github.com/Tony-Yeh/Voice-Cloning-Audio/raw/main/audios/synthesized_speech/demo_output_91.wav,https://github.com/Tony-Yeh/Voice-Cloning-Audio/raw/main/audios/librispeech-long/dev-clean/1993/147149/147149_0000.flac,6938_70848_000006_000001
https://github.com/Tony-Yeh/Voice-Cloning-Audio/raw/main/audios/synthesized_speech/1462_1998_29455_000100_000000.wav,https://github.com/Tony-Yeh/Voice-Cloning-Audio/raw/main/audios/synthesized_speech/demo_output_92.wav,https://github.com/Tony-Yeh/Voice-Cloning-Audio/raw/main/audios/librispeech-long/dev-clean/1462/170138/170138_0000.flac,1998_29455_000100_000000
https://github.com/Tony-Yeh/Voice-Cloning-Audio/raw/main/audios/synthesized_speech/5694_5484_24317_000005_000000.wav,https://github.com/Tony-Yeh/Voice-Cloning-Audio/raw/main/audios/synthesized_speech/demo_output_93.wav,https://github.com/Tony-Yeh/Voice-Cloning-Audio/raw/main/audios/librispeech-long/dev-clean/5694/64025/64025_0000.flac,5484_24317_000005_000000
https://github.com/Tony-Yeh/Voice-Cloning-Audio/raw/main/audios/synthesized_speech/6345_2609_157645_000023_000001.wav,https://github.com/Tony-Yeh/Voice-Cloning-Audio/raw/main/audios/synthesized_speech/demo_output_94.wav,https://github.com/Tony-Yeh/Voice-Cloning-Audio/raw/main/audios/librispeech-long/dev-clean/6345/64257/64257_0000.flac,2609_157645_000023_000001
https://github.com/Tony-Yeh/Voice-Cloning-Audio/raw/main/audios/synthesized_speech/422_5142_33396_000003_000002.wav,https://github.com/Tony-Yeh/Voice-Cloning-Audio/raw/main/audios/synthesized_speech/demo_output_95.wav,https://github.com/Tony-Yeh/Voice-Cloning-Audio/raw/main/audios/librispeech-long/dev-clean/422/122949/122949_0000.flac,5142_33396_000003_000002
https://github.com/Tony-Yeh/Voice-Cloning-Audio/raw/main/audios/synthesized_speech/6319_7902_96591_000018_000000.wav,https://github.com/Tony-Yeh/Voice-Cloning-Audio/raw/main/audios/synthesized_speech/demo_output_96.wav,https://github.com/Tony-Yeh/Voice-Cloning-Audio/raw/main/audios/librispeech-long/dev-clean/6319/275224/275224_0000.flac,7902_96591_000018_000000
https://github.com/Tony-Yeh/Voice-Cloning-Audio/raw/main/audios/synthesized_speech/2035_4507_16021_000039_000003.wav,https://github.com/Tony-Yeh/Voice-Cloning-Audio/raw/main/audios/synthesized_speech/demo_output_97.wav,https://github.com/Tony-Yeh/Voice-Cloning-Audio/raw/main/audios/librispeech-long/dev-clean/2035/147960/147960_0000.flac,4507_16021_000039_000003
https://github.com/Tony-Yeh/Voice-Cloning-Audio/raw/main/audios/synthesized_speech/6345_5484_24318_000054_000001.wav,https://github.com/Tony-Yeh/Voice-Cloning-Audio/raw/main/audios/synthesized_speech/demo_output_98.wav,https://github.com/Tony-Yeh/Voice-Cloning-Audio/raw/main/audios/librispeech-long/dev-clean/6345/64257/64257_0000.flac,5484_24318_000054_000001
https://github.com/Tony-Yeh/Voice-Cloning-Audio/raw/main/audios/synthesized_speech/7976_5105_28241_000022_000002.wav,https://github.com/Tony-Yeh/Voice-Cloning-Audio/raw/main/audios/synthesized_speech/demo_output_99.wav,https://github.com/Tony-Yeh/Voice-Cloning-Audio/raw/main/audios/librispeech-long/dev-clean/7976/105575/105575_0000.flac,5105_28241_000022_000002
https://github.com/Tony-Yeh/Voice-Cloning-Audio/raw/main/audios/synthesized_speech/3170_6938_70848_000042_000001.wav,https://github.com/Tony-Yeh/Voice-Cloning-Audio/raw/main/audios/synthesized_speech/demo_output_100.wav,https://github.com/Tony-Yeh/Voice-Cloning-Audio/raw/main/audios/librispeech-long/dev-clean/3170/137482/137482_0000.flac,6938_70848_000042_000001
https://github.com/Tony-Yeh/Voice-Cloning-Audio/raw/main/audios/synthesized_speech/2428_533_131564_000030_000001.wav,https://github.com/Tony-Yeh/Voice-Cloning-Audio/raw/main/audios/synthesized_speech/demo_output_101.wav,https://github.com/Tony-Yeh/Voice-Cloning-Audio/raw/main/audios/librispeech-long/dev-clean/2428/83699/83699_0000.flac,533_131564_000030_000001
https://github.com/Tony-Yeh/Voice-Cloning-Audio/raw/main/audios/synthesized_speech/6295_4970_29093_000050_000002.wav,https://github.com/Tony-Yeh/Voice-Cloning-Audio/raw/main/audios/synthesized_speech/demo_output_102.wav,https://github.com/Tony-Yeh/Voice-Cloning-Audio/raw/main/audios/librispeech-long/dev-clean/6295/244435/244435_0000.flac,4970_29093_000050_000002
https://github.com/Tony-Yeh/Voice-Cloning-Audio/raw/main/audios/synthesized_speech/2277_260_123288_000034_000001.wav,https://github.com/Tony-Yeh/Voice-Cloning-Audio/raw/main/audios/synthesized_speech/demo_output_103.wav,https://github.com/Tony-Yeh/Voice-Cloning-Audio/raw/main/audios/librispeech-long/dev-clean/2277/149874/149874_0000.flac,260_123288_000034_000001
https://github.com/Tony-Yeh/Voice-Cloning-Audio/raw/main/audios/synthesized_speech/2412_5442_41169_000018_000000.wav,https://github.com/Tony-Yeh/Voice-Cloning-Audio/raw/main/audios/synthesized_speech/demo_output_104.wav,https://github.com/Tony-Yeh/Voice-Cloning-Audio/raw/main/audios/librispeech-long/dev-clean/2412/153947/153947_0000.flac,5442_41169_000018_000000
https://github.com/Tony-Yeh/Voice-Cloning-Audio/raw/main/audios/synthesized_speech/251_2414_159411_000009_000002.wav,https://github.com/Tony-Yeh/Voice-Cloning-Audio/raw/main/audios/synthesized_speech/demo_output_105.wav,https://github.com/Tony-Yeh/Voice-Cloning-Audio/raw/main/audios/librispeech-long/dev-clean/251/118436/118436_0000.flac,2414_159411_000009_000002
https://github.com/Tony-Yeh/Voice-Cloning-Audio/raw/main/audios/synthesized_speech/6295_6829_68769_000058_000000.wav,https://github.com/Tony-Yeh/Voice-Cloning-Audio/raw/main/audios/synthesized_speech/demo_output_106.wav,https://github.com/Tony-Yeh/Voice-Cloning-Audio/raw/main/audios/librispeech-long/dev-clean/6295/244435/244435_0000.flac,6829_68769_000058_000000
https://github.com/Tony-Yeh/Voice-Cloning-Audio/raw/main/audios/synthesized_speech/2078_8463_294828_000023_000000.wav,https://github.com/Tony-Yeh/Voice-Cloning-Audio/raw/main/audios/synthesized_speech/demo_output_107.wav,https://github.com/Tony-Yeh/Voice-Cloning-Audio/raw/main/audios/librispeech-long/dev-clean/2078/142845/142845_0000.flac,8463_294828_000023_000000
https://github.com/Tony-Yeh/Voice-Cloning-Audio/raw/main/audios/synthesized_speech/3536_6128_63240_000043_000003.wav,https://github.com/Tony-Yeh/Voice-Cloning-Audio/raw/main/audios/synthesized_speech/demo_output_108.wav,https://github.com/Tony-Yeh/Voice-Cloning-Audio/raw/main/audios/librispeech-long/dev-clean/3536/23268/23268_0000.flac,6128_63240_000043_000003
https://github.com/Tony-Yeh/Voice-Cloning-Audio/raw/main/audios/synthesized_speech/422_3538_163622_000059_000000.wav,https://github.com/Tony-Yeh/Voice-Cloning-Audio/raw/main/audios/synthesized_speech/demo_output_109.wav,https://github.com/Tony-Yeh/Voice-Cloning-Audio/raw/main/audios/librispeech-long/dev-clean/422/122949/122949_0000.flac,3538_163622_000059_000000
https://github.com/Tony-Yeh/Voice-Cloning-Audio/raw/main/audios/synthesized_speech/84_8461_281231_000021_000001.wav,https://github.com/Tony-Yeh/Voice-Cloning-Audio/raw/main/audios/synthesized_speech/demo_output_110.wav,https://github.com/Tony-Yeh/Voice-Cloning-Audio/raw/main/audios/librispeech-long/dev-clean/84/121123/121123_0000.flac,8461_281231_000021_000001
https://github.com/Tony-Yeh/Voice-Cloning-Audio/raw/main/audios/synthesized_speech/5895_6930_76324_000005_000001.wav,https://github.com/Tony-Yeh/Voice-Cloning-Audio/raw/main/audios/synthesized_speech/demo_output_111.wav,https://github.com/Tony-Yeh/Voice-Cloning-Audio/raw/main/audios/librispeech-long/dev-clean/5895/34615/34615_0000.flac,6930_76324_000005_000001
https://github.com/Tony-Yeh/Voice-Cloning-Audio/raw/main/audios/synthesized_speech/6319_3528_168669_000113_000000.wav,https://github.com/Tony-Yeh/Voice-Cloning-Audio/raw/main/audios/synthesized_speech/demo_output_112.wav,https://github.com/Tony-Yeh/Voice-Cloning-Audio/raw/main/audios/librispeech-long/dev-clean/6319/275224/275224_0000.flac,3528_168669_000113_000000
https://github.com/Tony-Yeh/Voice-Cloning-Audio/raw/main/audios/synthesized_speech/6295_5142_33396_000004_000002.wav,https://github.com/Tony-Yeh/Voice-Cloning-Audio/raw/main/audios/synthesized_speech/demo_output_113.wav,https://github.com/Tony-Yeh/Voice-Cloning-Audio/raw/main/audios/librispeech-long/dev-clean/6295/244435/244435_0000.flac,5142_33396_000004_000002
https://github.com/Tony-Yeh/Voice-Cloning-Audio/raw/main/audios/synthesized_speech/6313_5442_41168_000005_000006.wav,https://github.com/Tony-Yeh/Voice-Cloning-Audio/raw/main/audios/synthesized_speech/demo_output_114.wav,https://github.com/Tony-Yeh/Voice-Cloning-Audio/raw/main/audios/librispeech-long/dev-clean/6313/66125/66125_0000.flac,5442_41168_000005_000006
https://github.com/Tony-Yeh/Voice-Cloning-Audio/raw/main/audios/synthesized_speech/652_1995_1837_000023_000000.wav,https://github.com/Tony-Yeh/Voice-Cloning-Audio/raw/main/audios/synthesized_speech/demo_output_115.wav,https://github.com/Tony-Yeh/Voice-Cloning-Audio/raw/main/audios/librispeech-long/dev-clean/652/129742/129742_0000.flac,1995_1837_000023_000000
https://github.com/Tony-Yeh/Voice-Cloning-Audio/raw/main/audios/synthesized_speech/7976_3528_168669_000131_000000.wav,https://github.com/Tony-Yeh/Voice-Cloning-Audio/raw/main/audios/synthesized_speech/demo_output_116.wav,https://github.com/Tony-Yeh/Voice-Cloning-Audio/raw/main/audios/librispeech-long/dev-clean/7976/105575/105575_0000.flac,3528_168669_000131_000000
https://github.com/Tony-Yeh/Voice-Cloning-Audio/raw/main/audios/synthesized_speech/2412_1320_122617_000013_000001.wav,https://github.com/Tony-Yeh/Voice-Cloning-Audio/raw/main/audios/synthesized_speech/demo_output_117.wav,https://github.com/Tony-Yeh/Voice-Cloning-Audio/raw/main/audios/librispeech-long/dev-clean/2412/153947/153947_0000.flac,1320_122617_000013_000001
https://github.com/Tony-Yeh/Voice-Cloning-Audio/raw/main/audios/synthesized_speech/5895_5442_41168_000018_000000.wav,https://github.com/Tony-Yeh/Voice-Cloning-Audio/raw/main/audios/synthesized_speech/demo_output_118.wav,https://github.com/Tony-Yeh/Voice-Cloning-Audio/raw/main/audios/librispeech-long/dev-clean/5895/34615/34615_0000.flac,5442_41168_000018_000000
https://github.com/Tony-Yeh/Voice-Cloning-Audio/raw/main/audios/synthesized_speech/5536_1995_1837_000021_000002.wav,https://github.com/Tony-Yeh/Voice-Cloning-Audio/raw/main/audios/synthesized_speech/demo_output_119.wav,https://github.com/Tony-Yeh/Voice-Cloning-Audio/raw/main/audios/librispeech-long/dev-clean/5536/43358/43358_0000.flac,1995_1837_000021_000002
https://github.com/Tony-Yeh/Voice-Cloning-Audio/raw/main/audios/synthesized_speech/2035_8461_281231_000037_000000.wav,https://github.com/Tony-Yeh/Voice-Cloning-Audio/raw/main/audios/synthesized_speech/demo_output_120.wav,https://github.com/Tony-Yeh/Voice-Cloning-Audio/raw/main/audios/librispeech-long/dev-clean/2035/147960/147960_0000.flac,8461_281231_000037_000000
https://github.com/Tony-Yeh/Voice-Cloning-Audio/raw/main/audios/synthesized_speech/3000_7729_102255_000012_000011.wav,https://github.com/Tony-Yeh/Voice-Cloning-Audio/raw/main/audios/synthesized_speech/demo_output_121.wav,https://github.com/Tony-Yeh/Voice-Cloning-Audio/raw/main/audios/librispeech-long/dev-clean/3000/15664/15664_0000.flac,7729_102255_000012_000011
https://github.com/Tony-Yeh/Voice-Cloning-Audio/raw/main/audios/synthesized_speech/3536_3575_170457_000010_000005.wav,https://github.com/Tony-Yeh/Voice-Cloning-Audio/raw/main/audios/synthesized_speech/demo_output_122.wav,https://github.com/Tony-Yeh/Voice-Cloning-Audio/raw/main/audios/librispeech-long/dev-clean/3536/23268/23268_0000.flac,3575_170457_000010_000005
https://github.com/Tony-Yeh/Voice-Cloning-Audio/raw/main/audios/synthesized_speech/1462_7729_102255_000007_000002.wav,https://github.com/Tony-Yeh/Voice-Cloning-Audio/raw/main/audios/synthesized_speech/demo_output_123.wav,https://github.com/Tony-Yeh/Voice-Cloning-Audio/raw/main/audios/librispeech-long/dev-clean/1462/170138/170138_0000.flac,7729_102255_000007_000002
https://github.com/Tony-Yeh/Voice-Cloning-Audio/raw/main/audios/synthesized_speech/7976_8461_278226_000020_000000.wav,https://github.com/Tony-Yeh/Voice-Cloning-Audio/raw/main/audios/synthesized_speech/demo_output_124.wav,https://github.com/Tony-Yeh/Voice-Cloning-Audio/raw/main/audios/librispeech-long/dev-clean/7976/105575/105575_0000.flac,8461_278226_000020_000000
https://github.com/Tony-Yeh/Voice-Cloning-Audio/raw/main/audios/synthesized_speech/5338_260_123288_000003_000002.wav,https://github.com/Tony-Yeh/Voice-Cloning-Audio/raw/main/audios/synthesized_speech/demo_output_125.wav,https://github.com/Tony-Yeh/Voice-Cloning-Audio/raw/main/audios/librispeech-long/dev-clean/5338/24615/24615_0000.flac,260_123288_000003_000002
https://github.com/Tony-Yeh/Voice-Cloning-Audio/raw/main/audios/synthesized_speech/3853_1688_142285_000047_000001.wav,https://github.com/Tony-Yeh/Voice-Cloning-Audio/raw/main/audios/synthesized_speech/demo_output_126.wav,https://github.com/Tony-Yeh/Voice-Cloning-Audio/raw/main/audios/librispeech-long/dev-clean/3853/163249/163249_0000.flac,1688_142285_000047_000001
https://github.com/Tony-Yeh/Voice-Cloning-Audio/raw/main/audios/synthesized_speech/7850_2609_156975_000030_000004.wav,https://github.com/Tony-Yeh/Voice-Cloning-Audio/raw/main/audios/synthesized_speech/demo_output_127.wav,https://github.com/Tony-Yeh/Voice-Cloning-Audio/raw/main/audios/librispeech-long/dev-clean/7850/111771/111771_0000.flac,2609_156975_000030_000004
https://github.com/Tony-Yeh/Voice-Cloning-Audio/raw/main/audios/synthesized_speech/3752_5639_40744_000012_000000.wav,https://github.com/Tony-Yeh/Voice-Cloning-Audio/raw/main/audios/synthesized_speech/demo_output_128.wav,https://github.com/Tony-Yeh/Voice-Cloning-Audio/raw/main/audios/librispeech-long/dev-clean/3752/4943/4943_0000.flac,5639_40744_000012_000000
https://github.com/Tony-Yeh/Voice-Cloning-Audio/raw/main/audios/synthesized_speech/6313_4507_16021_000035_000000.wav,https://github.com/Tony-Yeh/Voice-Cloning-Audio/raw/main/audios/synthesized_speech/demo_output_129.wav,https://github.com/Tony-Yeh/Voice-Cloning-Audio/raw/main/audios/librispeech-long/dev-clean/6313/66125/66125_0000.flac,4507_16021_000035_000000
https://github.com/Tony-Yeh/Voice-Cloning-Audio/raw/main/audios/synthesized_speech/6313_7902_96591_000018_000000.wav,https://github.com/Tony-Yeh/Voice-Cloning-Audio/raw/main/audios/synthesized_speech/demo_output_130.wav,https://github.com/Tony-Yeh/Voice-Cloning-Audio/raw/main/audios/librispeech-long/dev-clean/6313/66125/66125_0000.flac,7902_96591_000018_000000
https://github.com/Tony-Yeh/Voice-Cloning-Audio/raw/main/audios/synthesized_speech/3536_4507_16021_000020_000003.wav,https://github.com/Tony-Yeh/Voice-Cloning-Audio/raw/main/audios/synthesized_speech/demo_output_131.wav,https://github.com/Tony-Yeh/Voice-Cloning-Audio/raw/main/audios/librispeech-long/dev-clean/3536/23268/23268_0000.flac,4507_16021_000020_000003
https://github.com/Tony-Yeh/Voice-Cloning-Audio/raw/main/audios/synthesized_speech/3853_237_126133_000023_000000.wav,https://github.com/Tony-Yeh/Voice-Cloning-Audio/raw/main/audios/synthesized_speech/demo_output_132.wav,https://github.com/Tony-Yeh/Voice-Cloning-Audio/raw/main/audios/librispeech-long/dev-clean/3853/163249/163249_0000.flac,237_126133_000023_000000
https://github.com/Tony-Yeh/Voice-Cloning-Audio/raw/main/audios/synthesized_speech/3081_7975_280084_000009_000000.wav,https://github.com/Tony-Yeh/Voice-Cloning-Audio/raw/main/audios/synthesized_speech/demo_output_133.wav,https://github.com/Tony-Yeh/Voice-Cloning-Audio/raw/main/audios/librispeech-long/dev-clean/3081/166546/166546_0000.flac,7975_280084_000009_000000
https://github.com/Tony-Yeh/Voice-Cloning-Audio/raw/main/audios/synthesized_speech/3576_7902_96592_000033_000001.wav,https://github.com/Tony-Yeh/Voice-Cloning-Audio/raw/main/audios/synthesized_speech/demo_output_134.wav,https://github.com/Tony-Yeh/Voice-Cloning-Audio/raw/main/audios/librispeech-long/dev-clean/3576/138058/138058_0000.flac,7902_96592_000033_000001
https://github.com/Tony-Yeh/Voice-Cloning-Audio/raw/main/audios/synthesized_speech/3576_2414_128292_000013_000000.wav,https://github.com/Tony-Yeh/Voice-Cloning-Audio/raw/main/audios/synthesized_speech/demo_output_135.wav,https://github.com/Tony-Yeh/Voice-Cloning-Audio/raw/main/audios/librispeech-long/dev-clean/3576/138058/138058_0000.flac,2414_128292_000013_000000
https://github.com/Tony-Yeh/Voice-Cloning-Audio/raw/main/audios/synthesized_speech/8297_8555_284447_000033_000000.wav,https://github.com/Tony-Yeh/Voice-Cloning-Audio/raw/main/audios/synthesized_speech/demo_output_136.wav,https://github.com/Tony-Yeh/Voice-Cloning-Audio/raw/main/audios/librispeech-long/dev-clean/8297/275154/275154_0000.flac,8555_284447_000033_000000
https://github.com/Tony-Yeh/Voice-Cloning-Audio/raw/main/audios/synthesized_speech/3081_3331_159609_000016_000000.wav,https://github.com/Tony-Yeh/Voice-Cloning-Audio/raw/main/audios/synthesized_speech/demo_output_137.wav,https://github.com/Tony-Yeh/Voice-Cloning-Audio/raw/main/audios/librispeech-long/dev-clean/3081/166546/166546_0000.flac,3331_159609_000016_000000
https://github.com/Tony-Yeh/Voice-Cloning-Audio/raw/main/audios/synthesized_speech/5536_5142_36377_000014_000000.wav,https://github.com/Tony-Yeh/Voice-Cloning-Audio/raw/main/audios/synthesized_speech/demo_output_138.wav,https://github.com/Tony-Yeh/Voice-Cloning-Audio/raw/main/audios/librispeech-long/dev-clean/5536/43358/43358_0000.flac,5142_36377_000014_000000
https://github.com/Tony-Yeh/Voice-Cloning-Audio/raw/main/audios/synthesized_speech/84_2830_3980_000091_000002.wav,https://github.com/Tony-Yeh/Voice-Cloning-Audio/raw/main/audios/synthesized_speech/demo_output_139.wav,https://github.com/Tony-Yeh/Voice-Cloning-Audio/raw/main/audios/librispeech-long/dev-clean/84/121123/121123_0000.flac,2830_3980_000091_000002
https://github.com/Tony-Yeh/Voice-Cloning-Audio/raw/main/audios/synthesized_speech/8297_8188_269290_000035_000002.wav,https://github.com/Tony-Yeh/Voice-Cloning-Audio/raw/main/audios/synthesized_speech/demo_output_140.wav,https://github.com/Tony-Yeh/Voice-Cloning-Audio/raw/main/audios/librispeech-long/dev-clean/8297/275154/275154_0000.flac,8188_269290_000035_000002
https://github.com/Tony-Yeh/Voice-Cloning-Audio/raw/main/audios/synthesized_speech/5536_2414_128292_000010_000001.wav,https://github.com/Tony-Yeh/Voice-Cloning-Audio/raw/main/audios/synthesized_speech/demo_output_141.wav,https://github.com/Tony-Yeh/Voice-Cloning-Audio/raw/main/audios/librispeech-long/dev-clean/5536/43358/43358_0000.flac,2414_128292_000010_000001
https://github.com/Tony-Yeh/Voice-Cloning-Audio/raw/main/audios/synthesized_speech/2428_7021_85628_000016_000000.wav,https://github.com/Tony-Yeh/Voice-Cloning-Audio/raw/main/audios/synthesized_speech/demo_output_142.wav,https://github.com/Tony-Yeh/Voice-Cloning-Audio/raw/main/audios/librispeech-long/dev-clean/2428/83699/83699_0000.flac,7021_85628_000016_000000
https://github.com/Tony-Yeh/Voice-Cloning-Audio/raw/main/audios/synthesized_speech/6345_7729_102255_000027_000000.wav,https://github.com/Tony-Yeh/Voice-Cloning-Audio/raw/main/audios/synthesized_speech/demo_output_143.wav,https://github.com/Tony-Yeh/Voice-Cloning-Audio/raw/main/audios/librispeech-long/dev-clean/6345/64257/64257_0000.flac,7729_102255_000027_000000
https://github.com/Tony-Yeh/Voice-Cloning-Audio/raw/main/audios/synthesized_speech/6295_2830_3980_000014_000001.wav,https://github.com/Tony-Yeh/Voice-Cloning-Audio/raw/main/audios/synthesized_speech/demo_output_144.wav,https://github.com/Tony-Yeh/Voice-Cloning-Audio/raw/main/audios/librispeech-long/dev-clean/6295/244435/244435_0000.flac,2830_3980_000014_000001
https://github.com/Tony-Yeh/Voice-Cloning-Audio/raw/main/audios/synthesized_speech/251_237_126133_000056_000001.wav,https://github.com/Tony-Yeh/Voice-Cloning-Audio/raw/main/audios/synthesized_speech/demo_output_145.wav,https://github.com/Tony-Yeh/Voice-Cloning-Audio/raw/main/audios/librispeech-long/dev-clean/251/118436/118436_0000.flac,237_126133_000056_000001
https://github.com/Tony-Yeh/Voice-Cloning-Audio/raw/main/audios/synthesized_speech/7976_8224_274384_000026_000002.wav,https://github.com/Tony-Yeh/Voice-Cloning-Audio/raw/main/audios/synthesized_speech/demo_output_146.wav,https://github.com/Tony-Yeh/Voice-Cloning-Audio/raw/main/audios/librispeech-long/dev-clean/7976/105575/105575_0000.flac,8224_274384_000026_000002
https://github.com/Tony-Yeh/Voice-Cloning-Audio/raw/main/audios/synthesized_speech/84_6930_75918_000009_000000.wav,https://github.com/Tony-Yeh/Voice-Cloning-Audio/raw/main/audios/synthesized_speech/demo_output_147.wav,https://github.com/Tony-Yeh/Voice-Cloning-Audio/raw/main/audios/librispeech-long/dev-clean/84/121123/121123_0000.flac,6930_75918_000009_000000
https://github.com/Tony-Yeh/Voice-Cloning-Audio/raw/main/audios/synthesized_speech/1272_908_31957_000011_000001.wav,https://github.com/Tony-Yeh/Voice-Cloning-Audio/raw/main/audios/synthesized_speech/demo_output_148.wav,https://github.com/Tony-Yeh/Voice-Cloning-Audio/raw/main/audios/librispeech-long/dev-clean/1272/128104/128104_0000.flac,908_31957_000011_000001
https://github.com/Tony-Yeh/Voice-Cloning-Audio/raw/main/audios/synthesized_speech/2803_3570_5696_000010_000001.wav,https://github.com/Tony-Yeh/Voice-Cloning-Audio/raw/main/audios/synthesized_speech/demo_output_149.wav,https://github.com/Tony-Yeh/Voice-Cloning-Audio/raw/main/audios/librispeech-long/dev-clean/2803/154320/154320_0000.flac,3570_5696_000010_000001
https://github.com/Tony-Yeh/Voice-Cloning-Audio/raw/main/audios/synthesized_speech/6345_3729_6852_000041_000000.wav,https://github.com/Tony-Yeh/Voice-Cloning-Audio/raw/main/audios/synthesized_speech/demo_output_150.wav,https://github.com/Tony-Yeh/Voice-Cloning-Audio/raw/main/audios/librispeech-long/dev-clean/6345/64257/64257_0000.flac,3729_6852_000041_000000
https://github.com/Tony-Yeh/Voice-Cloning-Audio/raw/main/audios/synthesized_speech/2277_7105_2340_000012_000003.wav,https://github.com/Tony-Yeh/Voice-Cloning-Audio/raw/main/audios/synthesized_speech/demo_output_151.wav,https://github.com/Tony-Yeh/Voice-Cloning-Audio/raw/main/audios/librispeech-long/dev-clean/2277/149874/149874_0000.flac,7105_2340_000012_000003
https://github.com/Tony-Yeh/Voice-Cloning-Audio/raw/main/audios/synthesized_speech/8842_6930_81414_000031_000001.wav,https://github.com/Tony-Yeh/Voice-Cloning-Audio/raw/main/audios/synthesized_speech/demo_output_152.wav,https://github.com/Tony-Yeh/Voice-Cloning-Audio/raw/main/audios/librispeech-long/dev-clean/8842/302196/302196_0000.flac,6930_81414_000031_000001
https://github.com/Tony-Yeh/Voice-Cloning-Audio/raw/main/audios/synthesized_speech/2428_3080_5032_000002_000001.wav,https://github.com/Tony-Yeh/Voice-Cloning-Audio/raw/main/audios/synthesized_speech/demo_output_153.wav,https://github.com/Tony-Yeh/Voice-Cloning-Audio/raw/main/audios/librispeech-long/dev-clean/2428/83699/83699_0000.flac,3080_5032_000002_000001
https://github.com/Tony-Yeh/Voice-Cloning-Audio/raw/main/audios/synthesized_speech/3536_6829_68771_000041_000000.wav,https://github.com/Tony-Yeh/Voice-Cloning-Audio/raw/main/audios/synthesized_speech/demo_output_154.wav,https://github.com/Tony-Yeh/Voice-Cloning-Audio/raw/main/audios/librispeech-long/dev-clean/3536/23268/23268_0000.flac,6829_68771_000041_000000
https://github.com/Tony-Yeh/Voice-Cloning-Audio/raw/main/audios/synthesized_speech/6241_4077_13751_000020_000003.wav,https://github.com/Tony-Yeh/Voice-Cloning-Audio/raw/main/audios/synthesized_speech/demo_output_155.wav,https://github.com/Tony-Yeh/Voice-Cloning-Audio/raw/main/audios/librispeech-long/dev-clean/6241/61943/61943_0000.flac,4077_13751_000020_000003
https://github.com/Tony-Yeh/Voice-Cloning-Audio/raw/main/audios/synthesized_speech/1462_533_131562_000005_000000.wav,https://github.com/Tony-Yeh/Voice-Cloning-Audio/raw/main/audios/synthesized_speech/demo_output_156.wav,https://github.com/Tony-Yeh/Voice-Cloning-Audio/raw/main/audios/librispeech-long/dev-clean/1462/170138/170138_0000.flac,533_131562_000005_000000
https://github.com/Tony-Yeh/Voice-Cloning-Audio/raw/main/audios/synthesized_speech/5536_1688_142285_000039_000000.wav,https://github.com/Tony-Yeh/Voice-Cloning-Audio/raw/main/audios/synthesized_speech/demo_output_157.wav,https://github.com/Tony-Yeh/Voice-Cloning-Audio/raw/main/audios/librispeech-long/dev-clean/5536/43358/43358_0000.flac,1688_142285_000039_000000
https://github.com/Tony-Yeh/Voice-Cloning-Audio/raw/main/audios/synthesized_speech/5694_908_31957_000021_000002.wav,https://github.com/Tony-Yeh/Voice-Cloning-Audio/raw/main/audios/synthesized_speech/demo_output_158.wav,https://github.com/Tony-Yeh/Voice-Cloning-Audio/raw/main/audios/librispeech-long/dev-clean/5694/64025/64025_0000.flac,908_31957_000021_000002
https://github.com/Tony-Yeh/Voice-Cloning-Audio/raw/main/audios/synthesized_speech/1993_5484_24318_000058_000000.wav,https://github.com/Tony-Yeh/Voice-Cloning-Audio/raw/main/audios/synthesized_speech/demo_output_159.wav,https://github.com/Tony-Yeh/Voice-Cloning-Audio/raw/main/audios/librispeech-long/dev-clean/1993/147149/147149_0000.flac,5484_24318_000058_000000
https://github.com/Tony-Yeh/Voice-Cloning-Audio/raw/main/audios/synthesized_speech/6241_2609_157645_000023_000000.wav,https://github.com/Tony-Yeh/Voice-Cloning-Audio/raw/main/audios/synthesized_speech/demo_output_160.wav,https://github.com/Tony-Yeh/Voice-Cloning-Audio/raw/main/audios/librispeech-long/dev-clean/6241/61943/61943_0000.flac,2609_157645_000023_000000
https://github.com/Tony-Yeh/Voice-Cloning-Audio/raw/main/audios/synthesized_speech/3170_7127_75947_000006_000005.wav,https://github.com/Tony-Yeh/Voice-Cloning-Audio/raw/main/audios/synthesized_speech/demo_output_161.wav,https://github.com/Tony-Yeh/Voice-Cloning-Audio/raw/main/audios/librispeech-long/dev-clean/3170/137482/137482_0000.flac,7127_75947_000006_000005
https://github.com/Tony-Yeh/Voice-Cloning-Audio/raw/main/audios/synthesized_speech/3536_5442_41169_000019_000005.wav,https://github.com/Tony-Yeh/Voice-Cloning-Audio/raw/main/audios/synthesized_speech/demo_output_162.wav,https://github.com/Tony-Yeh/Voice-Cloning-Audio/raw/main/audios/librispeech-long/dev-clean/3536/23268/23268_0000.flac,5442_41169_000019_000005
https://github.com/Tony-Yeh/Voice-Cloning-Audio/raw/main/audios/synthesized_speech/7976_1284_1180_000006_000002.wav,https://github.com/Tony-Yeh/Voice-Cloning-Audio/raw/main/audios/synthesized_speech/demo_output_163.wav,https://github.com/Tony-Yeh/Voice-Cloning-Audio/raw/main/audios/librispeech-long/dev-clean/7976/105575/105575_0000.flac,1284_1180_000006_000002
https://github.com/Tony-Yeh/Voice-Cloning-Audio/raw/main/audios/synthesized_speech/6313_2033_164914_000008_000005.wav,https://github.com/Tony-Yeh/Voice-Cloning-Audio/raw/main/audios/synthesized_speech/demo_output_164.wav,https://github.com/Tony-Yeh/Voice-Cloning-Audio/raw/main/audios/librispeech-long/dev-clean/6313/66125/66125_0000.flac,2033_164914_000008_000005
https://github.com/Tony-Yeh/Voice-Cloning-Audio/raw/main/audios/synthesized_speech/3536_6930_81414_000043_000001.wav,https://github.com/Tony-Yeh/Voice-Cloning-Audio/raw/main/audios/synthesized_speech/demo_output_165.wav,https://github.com/Tony-Yeh/Voice-Cloning-Audio/raw/main/audios/librispeech-long/dev-clean/3536/23268/23268_0000.flac,6930_81414_000043_000001
https://github.com/Tony-Yeh/Voice-Cloning-Audio/raw/main/audios/synthesized_speech/2412_260_123288_000006_000002.wav,https://github.com/Tony-Yeh/Voice-Cloning-Audio/raw/main/audios/synthesized_speech/demo_output_166.wav,https://github.com/Tony-Yeh/Voice-Cloning-Audio/raw/main/audios/librispeech-long/dev-clean/2412/153947/153947_0000.flac,260_123288_000006_000002
https://github.com/Tony-Yeh/Voice-Cloning-Audio/raw/main/audios/synthesized_speech/422_4350_10919_000015_000003.wav,https://github.com/Tony-Yeh/Voice-Cloning-Audio/raw/main/audios/synthesized_speech/demo_output_167.wav,https://github.com/Tony-Yeh/Voice-Cloning-Audio/raw/main/audios/librispeech-long/dev-clean/422/122949/122949_0000.flac,4350_10919_000015_000003
https://github.com/Tony-Yeh/Voice-Cloning-Audio/raw/main/audios/synthesized_speech/777_7729_102255_000002_000005.wav,https://github.com/Tony-Yeh/Voice-Cloning-Audio/raw/main/audios/synthesized_speech/demo_output_168.wav,https://github.com/Tony-Yeh/Voice-Cloning-Audio/raw/main/audios/librispeech-long/dev-clean/777/126732/126732_0000.flac,7729_102255_000002_000005
https://github.com/Tony-Yeh/Voice-Cloning-Audio/raw/main/audios/synthesized_speech/7850_1688_142285_000002_000002.wav,https://github.com/Tony-Yeh/Voice-Cloning-Audio/raw/main/audios/synthesized_speech/demo_output_169.wav,https://github.com/Tony-Yeh/Voice-Cloning-Audio/raw/main/audios/librispeech-long/dev-clean/7850/111771/111771_0000.flac,1688_142285_000002_000002
https://github.com/Tony-Yeh/Voice-Cloning-Audio/raw/main/audios/synthesized_speech/8842_8280_266249_000062_000002.wav,https://github.com/Tony-Yeh/Voice-Cloning-Audio/raw/main/audios/synthesized_speech/demo_output_170.wav,https://github.com/Tony-Yeh/Voice-Cloning-Audio/raw/main/audios/librispeech-long/dev-clean/8842/302196/302196_0000.flac,8280_266249_000062_000002
https://github.com/Tony-Yeh/Voice-Cloning-Audio/raw/main/audios/synthesized_speech/5338_5683_32879_000036_000001.wav,https://github.com/Tony-Yeh/Voice-Cloning-Audio/raw/main/audios/synthesized_speech/demo_output_171.wav,https://github.com/Tony-Yeh/Voice-Cloning-Audio/raw/main/audios/librispeech-long/dev-clean/5338/24615/24615_0000.flac,5683_32879_000036_000001
https://github.com/Tony-Yeh/Voice-Cloning-Audio/raw/main/audios/synthesized_speech/251_908_31957_000023_000002.wav,https://github.com/Tony-Yeh/Voice-Cloning-Audio/raw/main/audios/synthesized_speech/demo_output_172.wav,https://github.com/Tony-Yeh/Voice-Cloning-Audio/raw/main/audios/librispeech-long/dev-clean/251/118436/118436_0000.flac,908_31957_000023_000002
https://github.com/Tony-Yeh/Voice-Cloning-Audio/raw/main/audios/synthesized_speech/6313_7176_88083_000019_000002.wav,https://github.com/Tony-Yeh/Voice-Cloning-Audio/raw/main/audios/synthesized_speech/demo_output_173.wav,https://github.com/Tony-Yeh/Voice-Cloning-Audio/raw/main/audios/librispeech-long/dev-clean/6313/66125/66125_0000.flac,7176_88083_000019_000002
https://github.com/Tony-Yeh/Voice-Cloning-Audio/raw/main/audios/synthesized_speech/7850_7018_75789_000005_000002.wav,https://github.com/Tony-Yeh/Voice-Cloning-Audio/raw/main/audios/synthesized_speech/demo_output_174.wav,https://github.com/Tony-Yeh/Voice-Cloning-Audio/raw/main/audios/librispeech-long/dev-clean/7850/111771/111771_0000.flac,7018_75789_000005_000002
https://github.com/Tony-Yeh/Voice-Cloning-Audio/raw/main/audios/synthesized_speech/251_3331_159605_000028_000000.wav,https://github.com/Tony-Yeh/Voice-Cloning-Audio/raw/main/audios/synthesized_speech/demo_output_175.wav,https://github.com/Tony-Yeh/Voice-Cloning-Audio/raw/main/audios/librispeech-long/dev-clean/251/118436/118436_0000.flac,3331_159605_000028_000000
https://github.com/Tony-Yeh/Voice-Cloning-Audio/raw/main/audios/synthesized_speech/5694_1320_122612_000044_000003.wav,https://github.com/Tony-Yeh/Voice-Cloning-Audio/raw/main/audios/synthesized_speech/demo_output_176.wav,https://github.com/Tony-Yeh/Voice-Cloning-Audio/raw/main/audios/librispeech-long/dev-clean/5694/64025/64025_0000.flac,1320_122612_000044_000003
https://github.com/Tony-Yeh/Voice-Cloning-Audio/raw/main/audios/synthesized_speech/174_8280_266249_000031_000000.wav,https://github.com/Tony-Yeh/Voice-Cloning-Audio/raw/main/audios/synthesized_speech/demo_output_177.wav,https://github.com/Tony-Yeh/Voice-Cloning-Audio/raw/main/audios/librispeech-long/dev-clean/174/168635/168635_0000.flac,8280_266249_000031_000000
https://github.com/Tony-Yeh/Voice-Cloning-Audio/raw/main/audios/synthesized_speech/2086_1188_133604_000040_000002.wav,https://github.com/Tony-Yeh/Voice-Cloning-Audio/raw/main/audios/synthesized_speech/demo_output_178.wav,https://github.com/Tony-Yeh/Voice-Cloning-Audio/raw/main/audios/librispeech-long/dev-clean/2086/149214/149214_0000.flac,1188_133604_000040_000002
https://github.com/Tony-Yeh/Voice-Cloning-Audio/raw/main/audios/synthesized_speech/3170_5142_36600_000009_000000.wav,https://github.com/Tony-Yeh/Voice-Cloning-Audio/raw/main/audios/synthesized_speech/demo_output_179.wav,https://github.com/Tony-Yeh/Voice-Cloning-Audio/raw/main/audios/librispeech-long/dev-clean/3170/137482/137482_0000.flac,5142_36600_000009_000000
https://github.com/Tony-Yeh/Voice-Cloning-Audio/raw/main/audios/synthesized_speech/3170_3538_163624_000045_000000.wav,https://github.com/Tony-Yeh/Voice-Cloning-Audio/raw/main/audios/synthesized_speech/demo_output_180.wav,https://github.com/Tony-Yeh/Voice-Cloning-Audio/raw/main/audios/librispeech-long/dev-clean/3170/137482/137482_0000.flac,3538_163624_000045_000000
https://github.com/Tony-Yeh/Voice-Cloning-Audio/raw/main/audios/synthesized_speech/174_1284_1180_000053_000001.wav,https://github.com/Tony-Yeh/Voice-Cloning-Audio/raw/main/audios/synthesized_speech/demo_output_181.wav,https://github.com/Tony-Yeh/Voice-Cloning-Audio/raw/main/audios/librispeech-long/dev-clean/174/168635/168635_0000.flac,1284_1180_000053_000001
https://github.com/Tony-Yeh/Voice-Cloning-Audio/raw/main/audios/synthesized_speech/3170_1998_15444_000005_000004.wav,https://github.com/Tony-Yeh/Voice-Cloning-Audio/raw/main/audios/synthesized_speech/demo_output_182.wav,https://github.com/Tony-Yeh/Voice-Cloning-Audio/raw/main/audios/librispeech-long/dev-clean/3170/137482/137482_0000.flac,1998_15444_000005_000004
https://github.com/Tony-Yeh/Voice-Cloning-Audio/raw/main/audios/synthesized_speech/1673_6070_86745_000002_000006.wav,https://github.com/Tony-Yeh/Voice-Cloning-Audio/raw/main/audios/synthesized_speech/demo_output_183.wav,https://github.com/Tony-Yeh/Voice-Cloning-Audio/raw/main/audios/librispeech-long/dev-clean/1673/143396/143396_0000.flac,6070_86745_000002_000006
https://github.com/Tony-Yeh/Voice-Cloning-Audio/raw/main/audios/synthesized_speech/3170_1089_134691_000045_000004.wav,https://github.com/Tony-Yeh/Voice-Cloning-Audio/raw/main/audios/synthesized_speech/demo_output_184.wav,https://github.com/Tony-Yeh/Voice-Cloning-Audio/raw/main/audios/librispeech-long/dev-clean/3170/137482/137482_0000.flac,1089_134691_000045_000004
https://github.com/Tony-Yeh/Voice-Cloning-Audio/raw/main/audios/synthesized_speech/174_1995_1837_000023_000000.wav,https://github.com/Tony-Yeh/Voice-Cloning-Audio/raw/main/audios/synthesized_speech/demo_output_185.wav,https://github.com/Tony-Yeh/Voice-Cloning-Audio/raw/main/audios/librispeech-long/dev-clean/174/168635/168635_0000.flac,1995_1837_000023_000000
https://github.com/Tony-Yeh/Voice-Cloning-Audio/raw/main/audios/synthesized_speech/3576_4970_29095_000042_000000.wav,https://github.com/Tony-Yeh/Voice-Cloning-Audio/raw/main/audios/synthesized_speech/demo_output_186.wav,https://github.com/Tony-Yeh/Voice-Cloning-Audio/raw/main/audios/librispeech-long/dev-clean/3576/138058/138058_0000.flac,4970_29095_000042_000000
https://github.com/Tony-Yeh/Voice-Cloning-Audio/raw/main/audios/synthesized_speech/3170_3005_163391_000011_000000.wav,https://github.com/Tony-Yeh/Voice-Cloning-Audio/raw/main/audios/synthesized_speech/demo_output_187.wav,https://github.com/Tony-Yeh/Voice-Cloning-Audio/raw/main/audios/librispeech-long/dev-clean/3170/137482/137482_0000.flac,3005_163391_000011_000000
https://github.com/Tony-Yeh/Voice-Cloning-Audio/raw/main/audios/synthesized_speech/6313_1688_142285_000044_000000.wav,https://github.com/Tony-Yeh/Voice-Cloning-Audio/raw/main/audios/synthesized_speech/demo_output_188.wav,https://github.com/Tony-Yeh/Voice-Cloning-Audio/raw/main/audios/librispeech-long/dev-clean/6313/66125/66125_0000.flac,1688_142285_000044_000000
https://github.com/Tony-Yeh/Voice-Cloning-Audio/raw/main/audios/synthesized_speech/1988_6938_70848_000046_000002.wav,https://github.com/Tony-Yeh/Voice-Cloning-Audio/raw/main/audios/synthesized_speech/demo_output_189.wav,https://github.com/Tony-Yeh/Voice-Cloning-Audio/raw/main/audios/librispeech-long/dev-clean/1988/147956/147956_0000.flac,6938_70848_000046_000002
https://github.com/Tony-Yeh/Voice-Cloning-Audio/raw/main/audios/synthesized_speech/7976_2830_3980_000016_000007.wav,https://github.com/Tony-Yeh/Voice-Cloning-Audio/raw/main/audios/synthesized_speech/demo_output_190.wav,https://github.com/Tony-Yeh/Voice-Cloning-Audio/raw/main/audios/librispeech-long/dev-clean/7976/105575/105575_0000.flac,2830_3980_000016_000007
https://github.com/Tony-Yeh/Voice-Cloning-Audio/raw/main/audios/synthesized_speech/7976_1688_142285_000047_000001.wav,https://github.com/Tony-Yeh/Voice-Cloning-Audio/raw/main/audios/synthesized_speech/demo_output_191.wav,https://github.com/Tony-Yeh/Voice-Cloning-Audio/raw/main/audios/librispeech-long/dev-clean/7976/105575/105575_0000.flac,1688_142285_000047_000001
https://github.com/Tony-Yeh/Voice-Cloning-Audio/raw/main/audios/synthesized_speech/3081_4507_16021_000022_000001.wav,https://github.com/Tony-Yeh/Voice-Cloning-Audio/raw/main/audios/synthesized_speech/demo_output_192.wav,https://github.com/Tony-Yeh/Voice-Cloning-Audio/raw/main/audios/librispeech-long/dev-clean/3081/166546/166546_0000.flac,4507_16021_000022_000001
https://github.com/Tony-Yeh/Voice-Cloning-Audio/raw/main/audios/synthesized_speech/2035_8463_287645_000001_000000.wav,https://github.com/Tony-Yeh/Voice-Cloning-Audio/raw/main/audios/synthesized_speech/demo_output_193.wav,https://github.com/Tony-Yeh/Voice-Cloning-Audio/raw/main/audios/librispeech-long/dev-clean/2035/147960/147960_0000.flac,8463_287645_000001_000000
https://github.com/Tony-Yeh/Voice-Cloning-Audio/raw/main/audios/synthesized_speech/84_3331_159609_000030_000001.wav,https://github.com/Tony-Yeh/Voice-Cloning-Audio/raw/main/audios/synthesized_speech/demo_output_194.wav,https://github.com/Tony-Yeh/Voice-Cloning-Audio/raw/main/audios/librispeech-long/dev-clean/84/121123/121123_0000.flac,3331_159609_000030_000001
https://github.com/Tony-Yeh/Voice-Cloning-Audio/raw/main/audios/synthesized_speech/6319_7975_280076_000002_000001.wav,https://github.com/Tony-Yeh/Voice-Cloning-Audio/raw/main/audios/synthesized_speech/demo_output_195.wav,https://github.com/Tony-Yeh/Voice-Cloning-Audio/raw/main/audios/librispeech-long/dev-clean/6319/275224/275224_0000.flac,7975_280076_000002_000001
https://github.com/Tony-Yeh/Voice-Cloning-Audio/raw/main/audios/synthesized_speech/1993_1320_122617_000047_000000.wav,https://github.com/Tony-Yeh/Voice-Cloning-Audio/raw/main/audios/synthesized_speech/demo_output_196.wav,https://github.com/Tony-Yeh/Voice-Cloning-Audio/raw/main/audios/librispeech-long/dev-clean/1993/147149/147149_0000.flac,1320_122617_000047_000000
https://github.com/Tony-Yeh/Voice-Cloning-Audio/raw/main/audios/synthesized_speech/3853_6070_86745_000002_000005.wav,https://github.com/Tony-Yeh/Voice-Cloning-Audio/raw/main/audios/synthesized_speech/demo_output_197.wav,https://github.com/Tony-Yeh/Voice-Cloning-Audio/raw/main/audios/librispeech-long/dev-clean/3853/163249/163249_0000.flac,6070_86745_000002_000005
https://github.com/Tony-Yeh/Voice-Cloning-Audio/raw/main/audios/synthesized_speech/777_367_130732_000007_000000.wav,https://github.com/Tony-Yeh/Voice-Cloning-Audio/raw/main/audios/synthesized_speech/demo_output_198.wav,https://github.com/Tony-Yeh/Voice-Cloning-Audio/raw/main/audios/librispeech-long/dev-clean/777/126732/126732_0000.flac,367_130732_000007_000000
https://github.com/Tony-Yeh/Voice-Cloning-Audio/raw/main/audios/synthesized_speech/1988_7021_85628_000016_000000.wav,https://github.com/Tony-Yeh/Voice-Cloning-Audio/raw/main/audios/synthesized_speech/demo_output_199.wav,https://github.com/Tony-Yeh/Voice-Cloning-Audio/raw/main/audios/librispeech-long/dev-clean/1988/147956/147956_0000.flac,7021_85628_000016_000000
